singer,singerLabel,date_of_birth,place_of_birth,place_of_birthLabel,sex_or_gender,sex_or_genderLabel,image,social_media_followers
http://www.wikidata.org/entity/Q303,Elvis Presley,1935-01-08T00:00:00Z,http://www.wikidata.org/entity/Q667727,Tupelo,http://www.wikidata.org/entity/Q6581097,male,http://commons.wikimedia.org/wiki/Special:FilePath/Elvis%20Presley%20promoting%20Jailhouse%20Rock.jpg,348519
http://www.wikidata.org/entity/Q392,Bob Dylan,1941-05-24T00:00:00Z,http://www.wikidata.org/entity/Q485708,Duluth,http://www.wikidata.org/entity/Q6581097,male,http://commons.wikimedia.org/wiki/Special:FilePath/Joan%20Baez%20Bob%20Dylan%20crop.jpg,428462
http://www.wikidata.org/entity/Q633,Neil Young,1945-11-12T00:00:00Z,http://www.wikidata.org/entity/Q172,Toronto,http://www.wikidata.org/entity/Q6581097,male,http://commons.wikimedia.org/wiki/Special:FilePath/Neil%20Young%20Stavernfestivalen%202016%20%28220929%29.jpg,83016
http://www.wikidata.org/entity/Q633,Neil Young,1945-11-12T00:00:00Z,http://www.wikidata.org/entity/Q172,Toronto,http://www.wikidata.org/entity/Q6581097,male,http://commons.wikimedia.org/wiki/Special:FilePath/Neil%20Young%20Stavernfestivalen%202016%20%28220929%29.jpg,468995
http://www.wikidata.org/entity/Q714,Stevie Wonder,1950-05-13T00:00:00Z,http://www.wikidata.org/entity/Q719,Saginaw,http://www.wikidata.org/entity/Q6581097,male,http://commons.wikimedia.org/wiki/Special:FilePath/Stevie%20Wonder%201973.JPG,161088
http://www.wikidata.org/entity/Q714,Stevie Wonder,1950-05-13T00:00:00Z,http://www.wikidata.org/entity/Q719,Saginaw,http://www.wikidata.org/entity/Q6581097,male,http://commons.wikimedia.org/wiki/Special:FilePath/Stevie%20Wonder%201973.JPG,1180000
http://www.wikidata.org/entity/Q1225,Bruce Springsteen,1949-09-23T00:00:00Z,http://www.wikidata.org/entity/Q995231,Long Branch,http://www.wikidata.org/entity/Q6581097,male,http://commons.wikimedia.org/wiki/Special:FilePath/Bruce%20Springsteen%20-%20Roskilde%20Festival%202012.jpg,1351355
http://www.wikidata.org/entity/Q1225,Bruce Springsteen,1949-09-23T00:00:00Z,http://www.wikidata.org/entity/Q995231,Long Branch,http://www.wikidata.org/entity/Q6581097,male,http://commons.wikimedia.org/wiki/Special:FilePath/Bruce%20Springsteen%20-%20Roskilde%20Festival%202012.jpg,2010000
http://www.wikidata.org/entity/Q1450,Bruno Mars,1985-10-08T00:00:00Z,http://www.wikidata.org/entity/Q18094,Honolulu,http://www.wikidata.org/entity/Q6581097,male,http://commons.wikimedia.org/wiki/Special:FilePath/Bruno%20Mars%20b%26w%20%28cropped%29.jpg,36200000
http://www.wikidata.org/entity/Q1450,Bruno Mars,1985-10-08T00:00:00Z,http://www.wikidata.org/entity/Q18094,Honolulu,http://www.wikidata.org/entity/Q6581097,male,http://commons.wikimedia.org/wiki/Special:FilePath/Bruno%20Mars%20b%26w%20%28cropped%29.jpg,43131551
http://www.wikidata.org/entity/Q1514,Janis Joplin,1943-01-19T00:00:00Z,http://www.wikidata.org/entity/Q45400,Port Arthur,http://www.wikidata.org/entity/Q6581072,female,http://commons.wikimedia.org/wiki/Special:FilePath/Janis%20Joplin%201970.JPG,78461
http://www.wikidata.org/entity/Q1545,Cyndi Lauper,1953-06-22T00:00:00Z,http://www.wikidata.org/entity/Q60,New York City,http://www.wikidata.org/entity/Q6581072,female,http://commons.wikimedia.org/wiki/Special:FilePath/CyndiLauper2022.jpg,398719
http://www.wikidata.org/entity/Q1545,Cyndi Lauper,1953-06-22T00:00:00Z,http://www.wikidata.org/entity/Q60,New York City,http://www.wikidata.org/entity/Q6581072,female,http://commons.wikimedia.org/wiki/Special:FilePath/CyndiLauper2022.jpg,2740000
http://www.wikidata.org/entity/Q1744,Madonna,1958-08-16T00:00:00Z,http://www.wikidata.org/entity/Q746820,Bay City,http://www.wikidata.org/entity/Q6581072,female,http://commons.wikimedia.org/wiki/Special:FilePath/Madonna%20Rebel%20Heart%20Tour%202015%20-%20Stockholm%20%2823051472299%29%20%28cropped%29.jpg,2821893
http://www.wikidata.org/entity/Q1768,Ella Fitzgerald,1917-04-25T00:00:00Z,http://www.wikidata.org/entity/Q335017,Newport News,http://www.wikidata.org/entity/Q6581072,female,http://commons.wikimedia.org/wiki/Special:FilePath/Ella%20Fitzgerald%201962.JPG,234000
http://www.wikidata.org/entity/Q1779,Louis Armstrong,1901-08-04T00:00:00Z,http://www.wikidata.org/entity/Q34404,New Orleans,http://www.wikidata.org/entity/Q6581097,male,http://commons.wikimedia.org/wiki/Special:FilePath/Louis%20Armstrong%20restored.jpg,24970
http://www.wikidata.org/entity/Q1779,Louis Armstrong,1901-08-04T00:00:00Z,http://www.wikidata.org/entity/Q34404,New Orleans,http://www.wikidata.org/entity/Q6581097,male,http://commons.wikimedia.org/wiki/Special:FilePath/Louis%20Armstrong%20restored.jpg,327000
http://www.wikidata.org/entity/Q2274,Chet Baker,1929-12-23T00:00:00Z,http://www.wikidata.org/entity/Q2846167,Yale,http://www.wikidata.org/entity/Q6581097,male,http://commons.wikimedia.org/wiki/Special:FilePath/Chet%20Baker%20%281929%E2%80%931988%29.jpg,82100
http://www.wikidata.org/entity/Q2709,Sasha Grey,1988-03-14T00:00:00Z,http://www.wikidata.org/entity/Q530920,North Highlands,http://www.wikidata.org/entity/Q6581072,female,http://commons.wikimedia.org/wiki/Special:FilePath/Sasha%20Grey%202010.jpg,485000
http://www.wikidata.org/entity/Q2709,Sasha Grey,1988-03-14T00:00:00Z,http://www.wikidata.org/entity/Q530920,North Highlands,http://www.wikidata.org/entity/Q6581072,female,http://commons.wikimedia.org/wiki/Special:FilePath/Sasha%20Grey%202010.jpg,1582270
http://www.wikidata.org/entity/Q2831,Michael Jackson,1958-08-29T00:00:00Z,http://www.wikidata.org/entity/Q184116,Gary,http://www.wikidata.org/entity/Q6581097,male,http://commons.wikimedia.org/wiki/Special:FilePath/Michael%20Jackson%20Dangerous%20World%20Tour%201993.jpg,31840
http://www.wikidata.org/entity/Q2831,Michael Jackson,1958-08-29T00:00:00Z,http://www.wikidata.org/entity/Q184116,Gary,http://www.wikidata.org/entity/Q6581097,male,http://commons.wikimedia.org/wiki/Special:FilePath/Michael%20Jackson%20Dangerous%20World%20Tour%201993.jpg,2352283
http://www.wikidata.org/entity/Q2831,Michael Jackson,1958-08-29T00:00:00Z,http://www.wikidata.org/entity/Q184116,Gary,http://www.wikidata.org/entity/Q6581097,male,http://commons.wikimedia.org/wiki/Special:FilePath/Michael%20Jackson%20Dangerous%20World%20Tour%201993.jpg,27300000
http://www.wikidata.org/entity/Q4028,Paul Simon,1941-10-13T00:00:00Z,http://www.wikidata.org/entity/Q25395,Newark,http://www.wikidata.org/entity/Q6581097,male,http://commons.wikimedia.org/wiki/Special:FilePath/Paul%20Simon%202007.jpg,55124
http://www.wikidata.org/entity/Q4028,Paul Simon,1941-10-13T00:00:00Z,http://www.wikidata.org/entity/Q25395,Newark,http://www.wikidata.org/entity/Q6581097,male,http://commons.wikimedia.org/wiki/Special:FilePath/Paul%20Simon%202007.jpg,458000
http://www.wikidata.org/entity/Q4028,Paul Simon,1941-10-13T00:00:00Z,http://www.wikidata.org/entity/Q25395,Newark,http://www.wikidata.org/entity/Q6581097,male,http://commons.wikimedia.org/wiki/Special:FilePath/Paul%20Simon%20at%20the%209-30%20Club%20%28b%29.jpg,55124
http://www.wikidata.org/entity/Q4028,Paul Simon,1941-10-13T00:00:00Z,http://www.wikidata.org/entity/Q25395,Newark,http://www.wikidata.org/entity/Q6581097,male,http://commons.wikimedia.org/wiki/Special:FilePath/Paul%20Simon%20at%20the%209-30%20Club%20%28b%29.jpg,458000
http://www.wikidata.org/entity/Q4042,CeeLo Green,1975-05-30T00:00:00Z,http://www.wikidata.org/entity/Q23556,Atlanta,http://www.wikidata.org/entity/Q6581097,male,http://commons.wikimedia.org/wiki/Special:FilePath/CeeLo%20Green%20by%20Gage%20Skidmore.jpg,569000
http://www.wikidata.org/entity/Q4042,CeeLo Green,1975-05-30T00:00:00Z,http://www.wikidata.org/entity/Q23556,Atlanta,http://www.wikidata.org/entity/Q6581097,male,http://commons.wikimedia.org/wiki/Special:FilePath/CeeLo%20Green%20by%20Gage%20Skidmore.jpg,1475644
http://www.wikidata.org/entity/Q4070,Kim Carnes,1945-07-20T00:00:00Z,http://www.wikidata.org/entity/Q485176,Pasadena,http://www.wikidata.org/entity/Q6581072,female,http://commons.wikimedia.org/wiki/Special:FilePath/Kim%20Carnes%20with%20Mike%20MacDonald%20%28cropped%29.jpg,102000
http://www.wikidata.org/entity/Q4235,Miley Cyrus,1992-11-23T00:00:00Z,http://www.wikidata.org/entity/Q23197,Nashville,http://www.wikidata.org/entity/Q6581072,female,http://commons.wikimedia.org/wiki/Special:FilePath/Miley%20Cyrus%20Primavera19%20-226%20%2848986293772%29%20%28cropped%29.jpg,17400000
http://www.wikidata.org/entity/Q4235,Miley Cyrus,1992-11-23T00:00:00Z,http://www.wikidata.org/entity/Q23197,Nashville,http://www.wikidata.org/entity/Q6581072,female,http://commons.wikimedia.org/wiki/Special:FilePath/Miley%20Cyrus%20Primavera19%20-226%20%2848986293772%29%20%28cropped%29.jpg,46936104
http://www.wikidata.org/entity/Q4235,Miley Cyrus,1992-11-23T00:00:00Z,http://www.wikidata.org/entity/Q23197,Nashville,http://www.wikidata.org/entity/Q18116794,genderfluid,http://commons.wikimedia.org/wiki/Special:FilePath/Miley%20Cyrus%20Primavera19%20-226%20%2848986293772%29%20%28cropped%29.jpg,17400000
http://www.wikidata.org/entity/Q4235,Miley Cyrus,1992-11-23T00:00:00Z,http://www.wikidata.org/entity/Q23197,Nashville,http://www.wikidata.org/entity/Q18116794,genderfluid,http://commons.wikimedia.org/wiki/Special:FilePath/Miley%20Cyrus%20Primavera19%20-226%20%2848986293772%29%20%28cropped%29.jpg,46936104
http://www.wikidata.org/entity/Q4270,Tom DeLonge,1975-01-01T00:00:00Z,http://www.wikidata.org/entity/Q540727,Poway,http://www.wikidata.org/entity/Q6581097,male,http://commons.wikimedia.org/wiki/Special:FilePath/Tom%20DeLonge%202004.jpg,771998
http://www.wikidata.org/entity/Q4270,Tom DeLonge,1975-12-13T00:00:00Z,http://www.wikidata.org/entity/Q540727,Poway,http://www.wikidata.org/entity/Q6581097,male,http://commons.wikimedia.org/wiki/Special:FilePath/Tom%20DeLonge%202004.jpg,771998
http://www.wikidata.org/entity/Q4271,Mark Hoppus,1972-03-15T00:00:00Z,http://www.wikidata.org/entity/Q862704,Ridgecrest,http://www.wikidata.org/entity/Q6581097,male,http://commons.wikimedia.org/wiki/Special:FilePath/MarkHoppusliveInMontreal2011.jpg,2770954
http://www.wikidata.org/entity/Q4350,Melissa Fahn,1967-04-28T00:00:00Z,http://www.wikidata.org/entity/Q60,New York City,http://www.wikidata.org/entity/Q6581072,female,http://commons.wikimedia.org/wiki/Special:FilePath/Melissa%20Fahn%20on%20Otalku%20at%20Anime%20USA%202015.jpg,3252
http://www.wikidata.org/entity/Q4473,Jennette McCurdy,1992-06-26T00:00:00Z,http://www.wikidata.org/entity/Q65,Los Angeles,http://www.wikidata.org/entity/Q6581072,female,http://commons.wikimedia.org/wiki/Special:FilePath/Jennette%20McCurdy%20Bio%20%28cropped%29.jpg,158000
http://www.wikidata.org/entity/Q4473,Jennette McCurdy,1992-06-26T00:00:00Z,http://www.wikidata.org/entity/Q65,Los Angeles,http://www.wikidata.org/entity/Q6581072,female,http://commons.wikimedia.org/wiki/Special:FilePath/Jennette%20McCurdy%20Bio%20%28cropped%29.jpg,5399264
http://www.wikidata.org/entity/Q4612,Marlene Dietrich,1901-12-27T00:00:00Z,http://www.wikidata.org/entity/Q464401,Rote Insel,http://www.wikidata.org/entity/Q6581072,female,http://commons.wikimedia.org/wiki/Special:FilePath/Marlene%20Dietrich%20in%20No%20Highway%20%281951%29%20%28Cropped%29.png,11400
http://www.wikidata.org/entity/Q4616,Marilyn Monroe,1926-06-01T00:00:00Z,http://www.wikidata.org/entity/Q65,Los Angeles,http://www.wikidata.org/entity/Q6581072,female,http://commons.wikimedia.org/wiki/Special:FilePath/Marilyn%20Monroe%20in%20How%20to%20Marry%20a%20Millionaire.jpg,14662
http://www.wikidata.org/entity/Q4617,Corbin Bleu,1989-02-21T00:00:00Z,http://www.wikidata.org/entity/Q18419,Brooklyn,http://www.wikidata.org/entity/Q6581097,male,http://commons.wikimedia.org/wiki/Special:FilePath/Corbin%20Bleu.jpg,31600
http://www.wikidata.org/entity/Q4617,Corbin Bleu,1989-02-21T00:00:00Z,http://www.wikidata.org/entity/Q18419,Brooklyn,http://www.wikidata.org/entity/Q6581097,male,http://commons.wikimedia.org/wiki/Special:FilePath/Corbin%20Bleu.jpg,754610
http://www.wikidata.org/entity/Q4636,Barbra Streisand,1942-04-24T00:00:00Z,http://www.wikidata.org/entity/Q18419,Brooklyn,http://www.wikidata.org/entity/Q6581072,female,http://commons.wikimedia.org/wiki/Special:FilePath/Barbra%20Streisand%20with%20Francis%20Collins%20and%20Anthony%20Fauci%20%2827806589237%29%20%28cropped%29.jpg,493000
http://www.wikidata.org/entity/Q4636,Barbra Streisand,1942-04-24T00:00:00Z,http://www.wikidata.org/entity/Q18419,Brooklyn,http://www.wikidata.org/entity/Q6581072,female,http://commons.wikimedia.org/wiki/Special:FilePath/Barbra%20Streisand%20with%20Francis%20Collins%20and%20Anthony%20Fauci%20%2827806589237%29%20%28cropped%29.jpg,798972
http://www.wikidata.org/entity/Q5104,Miranda Cosgrove,1993-05-14T00:00:00Z,http://www.wikidata.org/entity/Q65,Los Angeles,http://www.wikidata.org/entity/Q6581072,female,http://commons.wikimedia.org/wiki/Special:FilePath/Miranda%20Cosgrove%20NickRewind%202022.jpg,6912244
http://www.wikidata.org/entity/Q5608,Eminem,1972-10-17T00:00:00Z,http://www.wikidata.org/entity/Q745120,St. Joseph,http://www.wikidata.org/entity/Q6581097,male,http://commons.wikimedia.org/wiki/Special:FilePath/Eminem%20live%20at%20D.C.%202014%20%28cropped%29.jpg,292911
http://www.wikidata.org/entity/Q5608,Eminem,1972-10-17T00:00:00Z,http://www.wikidata.org/entity/Q745120,St. Joseph,http://www.wikidata.org/entity/Q6581097,male,http://commons.wikimedia.org/wiki/Special:FilePath/Eminem%20live%20at%20D.C.%202014%20%28cropped%29.jpg,22716982
http://www.wikidata.org/entity/Q5921,Chuck Berry,1926-10-18T00:00:00Z,http://www.wikidata.org/entity/Q38022,St. Louis,http://www.wikidata.org/entity/Q6581097,male,http://commons.wikimedia.org/wiki/Special:FilePath/Chuck%20Berry%20%288275961%29.jpeg,14700
http://www.wikidata.org/entity/Q5950,James Brown,1933-05-03T00:00:00Z,http://www.wikidata.org/entity/Q586262,Barnwell,http://www.wikidata.org/entity/Q6581097,male,http://commons.wikimedia.org/wiki/Special:FilePath/James%20Brown%20Live%20Hamburg%201973%201702730029.jpg,899000
http://www.wikidata.org/entity/Q6096,Snoop Dogg,1971-10-20T00:00:00Z,http://www.wikidata.org/entity/Q16739,Long Beach,http://www.wikidata.org/entity/Q6581097,male,http://commons.wikimedia.org/wiki/Special:FilePath/Snoop%20Dogg%202019%20by%20Glenn%20Francis.jpg,7530000
http://www.wikidata.org/entity/Q6096,Snoop Dogg,1971-10-20T00:00:00Z,http://www.wikidata.org/entity/Q16739,Long Beach,http://www.wikidata.org/entity/Q6581097,male,http://commons.wikimedia.org/wiki/Special:FilePath/Snoop%20Dogg%202019%20by%20Glenn%20Francis.jpg,9080000
http://www.wikidata.org/entity/Q6096,Snoop Dogg,1971-10-20T00:00:00Z,http://www.wikidata.org/entity/Q16739,Long Beach,http://www.wikidata.org/entity/Q6581097,male,http://commons.wikimedia.org/wiki/Special:FilePath/Snoop%20Dogg%202019%20by%20Glenn%20Francis.jpg,18492245
http://www.wikidata.org/entity/Q6096,Snoop Dogg,1971-10-20T00:00:00Z,http://www.wikidata.org/entity/Q16739,Long Beach,http://www.wikidata.org/entity/Q6581097,male,http://commons.wikimedia.org/wiki/Special:FilePath/Snoop%20Dogg%202019%20by%20Glenn%20Francis.jpg,19162446
http://www.wikidata.org/entity/Q6096,Snoop Dogg,1971-10-20T00:00:00Z,http://www.wikidata.org/entity/Q16739,Long Beach,http://www.wikidata.org/entity/Q6581097,male,http://commons.wikimedia.org/wiki/Special:FilePath/Snoop%20Dogg%202019%20by%20Glenn%20Francis.jpg,19710859
http://www.wikidata.org/entity/Q6096,Snoop Dogg,1971-10-20T00:00:00Z,http://www.wikidata.org/entity/Q16739,Long Beach,http://www.wikidata.org/entity/Q6581097,male,http://commons.wikimedia.org/wiki/Special:FilePath/Snoop%20Dogg%202019%20by%20Glenn%20Francis.jpg,21016747
http://www.wikidata.org/entity/Q6096,Snoop Dogg,1971-10-20T00:00:00Z,http://www.wikidata.org/entity/Q16739,Long Beach,http://www.wikidata.org/entity/Q6581097,male,http://commons.wikimedia.org/wiki/Special:FilePath/Snoop%20Dogg%202019%20by%20Glenn%20Francis.jpg,55000000
http://www.wikidata.org/entity/Q6096,Snoop Dogg,1971-10-20T00:00:00Z,http://www.wikidata.org/entity/Q16739,Long Beach,http://www.wikidata.org/entity/Q6581097,male,http://commons.wikimedia.org/wiki/Special:FilePath/Snoop%20Dogg%202019%20by%20Glenn%20Francis.jpg,66000000
http://www.wikidata.org/entity/Q6107,Tupac Shakur,1971-06-16T00:00:00Z,http://www.wikidata.org/entity/Q1069687,East Harlem,http://www.wikidata.org/entity/Q6581097,male,http://commons.wikimedia.org/wiki/Special:FilePath/Tupac%20graffiti%2C%20Vlasotince%2C%20Serbia.jpg,732852
http://www.wikidata.org/entity/Q7346,John Coltrane,1926-09-23T00:00:00Z,http://www.wikidata.org/entity/Q1885566,Hamlet,http://www.wikidata.org/entity/Q6581097,male,http://commons.wikimedia.org/wiki/Special:FilePath/John%20Coltrane%201963%20cropped%20ver2.jpg,18695
http://www.wikidata.org/entity/Q7542,Prince,1958-06-07T00:00:00Z,http://www.wikidata.org/entity/Q36091,Minneapolis,http://www.wikidata.org/entity/Q6581097,male,http://commons.wikimedia.org/wiki/Special:FilePath/Prince%20Brussels%201986%20%28retouched%29.jpg,103733
http://www.wikidata.org/entity/Q7542,Prince,1958-06-07T00:00:00Z,http://www.wikidata.org/entity/Q36091,Minneapolis,http://www.wikidata.org/entity/Q6581097,male,http://commons.wikimedia.org/wiki/Special:FilePath/Prince%20Brussels%201986%20%28retouched%29.jpg,2060000
http://www.wikidata.org/entity/Q8160,Carly Rose Sonenclar,1999-04-20T00:00:00Z,http://www.wikidata.org/entity/Q60,New York City,http://www.wikidata.org/entity/Q6581072,female,http://commons.wikimedia.org/wiki/Special:FilePath/Carly%20Rose%20Sonenclar%20X%20Factor%202012%20%282%29.jpg,583322
http://www.wikidata.org/entity/Q11617,Aaliyah,1979-01-16T00:00:00Z,http://www.wikidata.org/entity/Q18419,Brooklyn,http://www.wikidata.org/entity/Q6581072,female,http://commons.wikimedia.org/wiki/Special:FilePath/Aaliyah-02.jpg,151247
http://www.wikidata.org/entity/Q11617,Aaliyah,1979-01-16T00:00:00Z,http://www.wikidata.org/entity/Q18419,Brooklyn,http://www.wikidata.org/entity/Q6581072,female,http://commons.wikimedia.org/wiki/Special:FilePath/Aaliyah-02.jpg,1070000
http://www.wikidata.org/entity/Q11885,Axl Rose,1962-02-06T00:00:00Z,http://www.wikidata.org/entity/Q638187,Lafayette,http://www.wikidata.org/entity/Q6581097,male,http://commons.wikimedia.org/wiki/Special:FilePath/Axl%20Rose%20sings%20in%20London%202022.jpg,1359492
http://www.wikidata.org/entity/Q11901,Beck,1970-07-08T00:00:00Z,http://www.wikidata.org/entity/Q65,Los Angeles,http://www.wikidata.org/entity/Q6581097,male,http://commons.wikimedia.org/wiki/Special:FilePath/BeckMSG190718-13%20%2847065153261%29%20%28cropped%29.jpg,326323
http://www.wikidata.org/entity/Q11901,Beck,1970-07-08T00:00:00Z,http://www.wikidata.org/entity/Q65,Los Angeles,http://www.wikidata.org/entity/Q6581097,male,http://commons.wikimedia.org/wiki/Special:FilePath/Oliver%20Mark%20-%20Beck%2C%20Hamburg%202000.jpg,326323
http://www.wikidata.org/entity/Q11975,Britney Spears,1981-12-02T00:00:00Z,http://www.wikidata.org/entity/Q846178,McComb,http://www.wikidata.org/entity/Q6581072,female,http://commons.wikimedia.org/wiki/Special:FilePath/Britney%20Spears%202013%20%28Straighten%20Crop%29.jpg,52661
http://www.wikidata.org/entity/Q11975,Britney Spears,1981-12-02T00:00:00Z,http://www.wikidata.org/entity/Q846178,McComb,http://www.wikidata.org/entity/Q6581072,female,http://commons.wikimedia.org/wiki/Special:FilePath/Britney%20Spears%202013%20%28Straighten%20Crop%29.jpg,10000000
http://www.wikidata.org/entity/Q11975,Britney Spears,1981-12-02T00:00:00Z,http://www.wikidata.org/entity/Q846178,McComb,http://www.wikidata.org/entity/Q6581072,female,http://commons.wikimedia.org/wiki/Special:FilePath/Britney%20Spears%202013%20%28Straighten%20Crop%29.jpg,55800000
http://www.wikidata.org/entity/Q49001,Whoopi Goldberg,1955-11-13T00:00:00Z,http://www.wikidata.org/entity/Q60,New York City,http://www.wikidata.org/entity/Q6581072,female,http://commons.wikimedia.org/wiki/Special:FilePath/Whoopi%20Comic%20Relief%20cropped.jpg,1659015
http://www.wikidata.org/entity/Q49319,Aloe Blacc,1979-01-07T00:00:00Z,http://www.wikidata.org/entity/Q268873,Newport Beach,http://www.wikidata.org/entity/Q6581097,male,http://commons.wikimedia.org/wiki/Special:FilePath/Aloe%20Blacc%20%40%20Sir%20Stewart%20Bovell%20Park%20%287%201%2012%29%20%286693047439%29.jpg,93480
http://www.wikidata.org/entity/Q49319,Aloe Blacc,1979-01-07T00:00:00Z,http://www.wikidata.org/entity/Q268873,Newport Beach,http://www.wikidata.org/entity/Q6581097,male,http://commons.wikimedia.org/wiki/Special:FilePath/Aloe%20Blacc%20%40%20Sir%20Stewart%20Bovell%20Park%20%287%201%2012%29%20%286693047439%29.jpg,633000
http://www.wikidata.org/entity/Q49847,Ray William Johnson,1981-08-14T00:00:00Z,http://www.wikidata.org/entity/Q34863,Oklahoma City,http://www.wikidata.org/entity/Q6581097,male,,1131217
http://www.wikidata.org/entity/Q49847,Ray William Johnson,1981-08-14T00:00:00Z,http://www.wikidata.org/entity/Q34863,Oklahoma City,http://www.wikidata.org/entity/Q6581097,male,,16500000
http://www.wikidata.org/entity/Q50825,Stan Ridgway,1954-04-05T00:00:00Z,http://www.wikidata.org/entity/Q499174,Barstow,http://www.wikidata.org/entity/Q6581097,male,http://commons.wikimedia.org/wiki/Special:FilePath/Stan%20Ridgway%20and%20a%20Harmony%20guitar.jpg,3190
http://www.wikidata.org/entity/Q52440,LL Cool J,1968-01-14T00:00:00Z,http://www.wikidata.org/entity/Q18424,Queens,http://www.wikidata.org/entity/Q6581097,male,http://commons.wikimedia.org/wiki/Special:FilePath/LL%20Cool%20J%20in%202017.jpg,719000
http://www.wikidata.org/entity/Q53549,N.O.R.E.,1976-09-06T00:00:00Z,http://www.wikidata.org/entity/Q18424,Queens,http://www.wikidata.org/entity/Q6581097,male,http://commons.wikimedia.org/wiki/Special:FilePath/N.O.R.E.jpg,394588
http://www.wikidata.org/entity/Q53549,N.O.R.E.,1976-09-06T00:00:00Z,http://www.wikidata.org/entity/Q18424,Queens,http://www.wikidata.org/entity/Q6581097,male,http://commons.wikimedia.org/wiki/Special:FilePath/N.O.R.E.jpg,404529
http://www.wikidata.org/entity/Q53549,N.O.R.E.,1976-09-06T00:00:00Z,http://www.wikidata.org/entity/Q18424,Queens,http://www.wikidata.org/entity/Q6581097,male,http://commons.wikimedia.org/wiki/Special:FilePath/N.O.R.E.jpg,445068
http://www.wikidata.org/entity/Q53549,N.O.R.E.,1976-09-06T00:00:00Z,http://www.wikidata.org/entity/Q18424,Queens,http://www.wikidata.org/entity/Q6581097,male,http://commons.wikimedia.org/wiki/Special:FilePath/N.O.R.E.jpg,555461
http://www.wikidata.org/entity/Q53714,Chord Overstreet,1989-02-17T00:00:00Z,http://www.wikidata.org/entity/Q23197,Nashville,http://www.wikidata.org/entity/Q6581097,male,http://commons.wikimedia.org/wiki/Special:FilePath/Chord%20Overstreet.jpg,1054771
http://www.wikidata.org/entity/Q54858,Savannah Outen,1992-10-14T00:00:00Z,http://www.wikidata.org/entity/Q81824,Hillsboro,http://www.wikidata.org/entity/Q6581072,female,http://commons.wikimedia.org/wiki/Special:FilePath/Disney%20Under%20the%20Stars%20Concert%20-%20Savannah%20Outen%20III.jpg,78582
http://www.wikidata.org/entity/Q54861,Anna Margaret,1996-06-12T00:00:00Z,http://www.wikidata.org/entity/Q54099,Lecompte,http://www.wikidata.org/entity/Q6581072,female,http://commons.wikimedia.org/wiki/Special:FilePath/Anna%20Magraret%20%28April%202010%29%202.jpg,11983
http://www.wikidata.org/entity/Q54867,Trace Cyrus,1989-02-24T00:00:00Z,http://www.wikidata.org/entity/Q725562,Ashland,http://www.wikidata.org/entity/Q6581097,male,http://commons.wikimedia.org/wiki/Special:FilePath/Trace%20Cyrus%20Metro%20Station%202.jpg,16000
http://www.wikidata.org/entity/Q54867,Trace Cyrus,1989-02-24T00:00:00Z,http://www.wikidata.org/entity/Q725562,Ashland,http://www.wikidata.org/entity/Q6581097,male,http://commons.wikimedia.org/wiki/Special:FilePath/Trace%20Cyrus%20Metro%20Station%202.jpg,473154
http://www.wikidata.org/entity/Q54868,Noah Cyrus,2000-01-08T00:00:00Z,http://www.wikidata.org/entity/Q23197,Nashville,http://www.wikidata.org/entity/Q6581072,female,http://commons.wikimedia.org/wiki/Special:FilePath/Noah%20Cyrus%20VMA%202018.jpg,615683
http://www.wikidata.org/entity/Q55449,Tay Zonday,1982-05-21T00:00:00Z,http://www.wikidata.org/entity/Q36091,Minneapolis,http://www.wikidata.org/entity/Q6581097,male,http://commons.wikimedia.org/wiki/Special:FilePath/Tay%20Zonday%20at%20the%202010%20Streamy%20Awards.jpg,510494
http://www.wikidata.org/entity/Q55449,Tay Zonday,1982-05-21T00:00:00Z,http://www.wikidata.org/entity/Q36091,Minneapolis,http://www.wikidata.org/entity/Q6581097,male,http://commons.wikimedia.org/wiki/Special:FilePath/Tay%20Zonday%20at%20the%202010%20Streamy%20Awards.jpg,1120000
http://www.wikidata.org/entity/Q55497,Jamie Lynn Spears,1991-04-04T00:00:00Z,http://www.wikidata.org/entity/Q846178,McComb,http://www.wikidata.org/entity/Q6581072,female,http://commons.wikimedia.org/wiki/Special:FilePath/Jamie%20Lynn%20Spears%202023%20Interview%202.jpg,134000
http://www.wikidata.org/entity/Q55497,Jamie Lynn Spears,1991-04-04T00:00:00Z,http://www.wikidata.org/entity/Q846178,McComb,http://www.wikidata.org/entity/Q6581072,female,http://commons.wikimedia.org/wiki/Special:FilePath/Jamie%20Lynn%20Spears%202023%20Interview%202.jpg,495962
http://www.wikidata.org/entity/Q43432,Justin Timberlake,1981-01-31T00:00:00Z,http://www.wikidata.org/entity/Q16563,Memphis,http://www.wikidata.org/entity/Q6581097,male,http://commons.wikimedia.org/wiki/Special:FilePath/Justin%20Timberlake%20by%20Gage%20Skidmore%202.jpg,62610349
http://www.wikidata.org/entity/Q43874,Eddie Murphy,1961-04-03T00:00:00Z,http://www.wikidata.org/entity/Q18419,Brooklyn,http://www.wikidata.org/entity/Q6581097,male,http://commons.wikimedia.org/wiki/Special:FilePath/Eddie%20Murphy%20by%20David%20Shankbone.jpg,475000
http://www.wikidata.org/entity/Q43950,Jacob Artist,1992-10-17T00:00:00Z,http://www.wikidata.org/entity/Q40435,Buffalo,http://www.wikidata.org/entity/Q6581097,male,http://commons.wikimedia.org/wiki/Special:FilePath/Jacob%20Artist%20%28cropped%29.jpg,306176
http://www.wikidata.org/entity/Q44144,Chris Jericho,1970-11-09T00:00:00Z,http://www.wikidata.org/entity/Q286148,Manhasset,http://www.wikidata.org/entity/Q6581097,male,http://commons.wikimedia.org/wiki/Special:FilePath/Chris%20Jericho%2C%20December%202017%2001%20%28cropped2%29.png,227000
http://www.wikidata.org/entity/Q44144,Chris Jericho,1970-11-09T00:00:00Z,http://www.wikidata.org/entity/Q286148,Manhasset,http://www.wikidata.org/entity/Q6581097,male,http://commons.wikimedia.org/wiki/Special:FilePath/Chris%20Jericho%2C%20December%202017%2001%20%28cropped2%29.png,3616426
http://www.wikidata.org/entity/Q44570,John Lee Hooker,1917-08-22T00:00:00Z,http://www.wikidata.org/entity/Q990145,Clarksdale,http://www.wikidata.org/entity/Q6581097,male,http://commons.wikimedia.org/wiki/Special:FilePath/John%20Lee%20Hooker%20two.jpg,134000
http://www.wikidata.org/entity/Q44707,Fred Durst,1970-08-20T00:00:00Z,http://www.wikidata.org/entity/Q16568,Jacksonville,http://www.wikidata.org/entity/Q6581097,male,http://commons.wikimedia.org/wiki/Special:FilePath/Fred%20Durst%202021%20%28cropped%29.jpg,1167702
